{
  "Indian Comics": {
    "\ud83e\uddb8\u200d\u2642\ufe0f Superhero Comics": [],
    "\ud83d\ude02 Comedy Comics": [],
    "\ud83d\ude80 Sci-Fi Comics": [],
    "\ud83e\uddd9 Fantasy Comics": [],
    "\ud83d\uddfa\ufe0f Adventure Comics": [],
    "\ud83d\udd2b Action Comics": []
  },
  "Korean Manhwa": {
    "\ud83e\uddb8\u200d\u2642\ufe0f Superhero Comics": [],
    "\ud83d\ude02 Comedy Comics": [],
    "\ud83d\ude80 Sci-Fi Comics": [],
    "\ud83e\uddd9 Fantasy Comics": [],
    "\ud83d\uddfa\ufe0f Adventure Comics": [],
    "\ud83d\udd2b Action Comics": []
  },
  "Manga": {
    "Hindi": [],
    "English": []
  },
  "\ud83d\udd1e 18+ Indian Comics": {
    "Hindi": [],
    "English": []
  },
  "\ud83d\udd25 18+ Korean Manhwa": {
    "Hindi": [],
    "English": []
  },
  "\ud83d\udc8e VIP Zone": {
    "Indian VIP": [],
    "Korean VIP": []
  }
}